{
    "coefficients": [
        -0.03301054569243815,
        0.27055764456217785,
        0.04655553427946172,
        0.1727320562642342,
        -0.0033081646570410884,
        0.049227118617505186,
        -0.15196901537857205,
        -0.15735984558735533,
        -0.0472252685616022,
        1.3259695477371063,
        0.0699486531151963
    ],
    "intercept": 0.8115402498584158,
    "mean": [
        0.8175895765472313,
        0.6530944625407166,
        0.744299674267101,
        0.7817589576547231,
        0.13355048859934854,
        5403.459283387622,
        1621.2457980271008,
        145.75244299674267,
        342.4104234527687,
        0.8550488599348535,
        1.0374592833876222
    ],
    "scale": [
        0.38618241916036306,
        0.4759853837455192,
        1.0088008885161153,
        0.41305192141100605,
        0.34016871636619356,
        6104.0648565338915,
        2923.8644597700595,
        84.03871423798937,
        64.37614137743927,
        0.35205156874946725,
        0.7868405014528181
    ],
    "feature_names": [
        "Gender",
        "Married",
        "Dependents",
        "Education",
        "Self_Employed",
        "ApplicantIncome",
        "CoapplicantIncome",
        "LoanAmount",
        "Loan_Amount_Term",
        "Credit_History",
        "Property_Area"
    ]
}