{
    "Logistic Regression": {
        "accuracy": 0.7886178861788617,
        "precision": 0.7596153846153846,
        "recall": 0.9875,
        "f1_score": 0.8586956521739131
    },
    "Random Forest": {
        "accuracy": 0.7642276422764228,
        "precision": 0.7524752475247525,
        "recall": 0.95,
        "f1_score": 0.8397790055248618
    },
    "SVM": {
        "accuracy": 0.7886178861788617,
        "precision": 0.7596153846153846,
        "recall": 0.9875,
        "f1_score": 0.8586956521739131
    }
}